[{"model": "admin.logentry", "pk": 1, "fields": {"action_time": "2021-11-30T07:16:08.838Z", "user": 4, "content_type": 7, "object_id": "6", "object_repr": "Game object (6)", "action_flag": 3, "change_message": ""}}, {"model": "admin.logentry", "pk": 2, "fields": {"action_time": "2021-11-30T07:16:08.847Z", "user": 4, "content_type": 7, "object_id": "5", "object_repr": "Game object (5)", "action_flag": 3, "change_message": ""}}, {"model": "admin.logentry", "pk": 3, "fields": {"action_time": "2021-11-30T07:28:32.767Z", "user": 4, "content_type": 7, "object_id": "1", "object_repr": "Game object (1)", "action_flag": 2, "change_message": "[{\"changed\": {\"fields\": [\"Tags\"]}}]"}}, {"model": "admin.logentry", "pk": 4, "fields": {"action_time": "2021-11-30T07:28:49.127Z", "user": 4, "content_type": 7, "object_id": "1", "object_repr": "Game object (1)", "action_flag": 2, "change_message": "[]"}}, {"model": "admin.logentry", "pk": 5, "fields": {"action_time": "2021-11-30T07:28:53.783Z", "user": 4, "content_type": 7, "object_id": "2", "object_repr": "Game object (2)", "action_flag": 2, "change_message": "[{\"changed\": {\"fields\": [\"Tags\"]}}]"}}, {"model": "admin.logentry", "pk": 6, "fields": {"action_time": "2021-11-30T07:28:57.428Z", "user": 4, "content_type": 7, "object_id": "3", "object_repr": "Game object (3)", "action_flag": 2, "change_message": "[{\"changed\": {\"fields\": [\"Tags\"]}}]"}}, {"model": "admin.logentry", "pk": 7, "fields": {"action_time": "2021-11-30T07:29:01.222Z", "user": 4, "content_type": 7, "object_id": "4", "object_repr": "Game object (4)", "action_flag": 2, "change_message": "[{\"changed\": {\"fields\": [\"Tags\"]}}]"}}, {"model": "admin.logentry", "pk": 8, "fields": {"action_time": "2021-11-30T07:29:03.685Z", "user": 4, "content_type": 7, "object_id": "4", "object_repr": "Game object (4)", "action_flag": 2, "change_message": "[]"}}, {"model": "admin.logentry", "pk": 9, "fields": {"action_time": "2021-11-30T07:29:07.290Z", "user": 4, "content_type": 7, "object_id": "7", "object_repr": "Game object (7)", "action_flag": 2, "change_message": "[{\"changed\": {\"fields\": [\"Tags\"]}}]"}}, {"model": "admin.logentry", "pk": 10, "fields": {"action_time": "2021-11-30T07:29:10.748Z", "user": 4, "content_type": 7, "object_id": "8", "object_repr": "Game object (8)", "action_flag": 2, "change_message": "[{\"changed\": {\"fields\": [\"Tags\"]}}]"}}, {"model": "admin.logentry", "pk": 11, "fields": {"action_time": "2021-11-30T07:29:17.314Z", "user": 4, "content_type": 7, "object_id": "9", "object_repr": "Game object (9)", "action_flag": 2, "change_message": "[{\"changed\": {\"fields\": [\"Tags\"]}}]"}}, {"model": "admin.logentry", "pk": 12, "fields": {"action_time": "2021-11-30T07:29:21.039Z", "user": 4, "content_type": 7, "object_id": "10", "object_repr": "Game object (10)", "action_flag": 2, "change_message": "[{\"changed\": {\"fields\": [\"Tags\"]}}]"}}, {"model": "admin.logentry", "pk": 13, "fields": {"action_time": "2021-11-30T07:29:24.829Z", "user": 4, "content_type": 7, "object_id": "11", "object_repr": "Game object (11)", "action_flag": 2, "change_message": "[{\"changed\": {\"fields\": [\"Tags\"]}}]"}}, {"model": "auth.permission", "pk": 1, "fields": {"name": "Can add log entry", "content_type": 1, "codename": "add_logentry"}}, {"model": "auth.permission", "pk": 2, "fields": {"name": "Can change log entry", "content_type": 1, "codename": "change_logentry"}}, {"model": "auth.permission", "pk": 3, "fields": {"name": "Can delete log entry", "content_type": 1, "codename": "delete_logentry"}}, {"model": "auth.permission", "pk": 4, "fields": {"name": "Can view log entry", "content_type": 1, "codename": "view_logentry"}}, {"model": "auth.permission", "pk": 5, "fields": {"name": "Can add permission", "content_type": 2, "codename": "add_permission"}}, {"model": "auth.permission", "pk": 6, "fields": {"name": "Can change permission", "content_type": 2, "codename": "change_permission"}}, {"model": "auth.permission", "pk": 7, "fields": {"name": "Can delete permission", "content_type": 2, "codename": "delete_permission"}}, {"model": "auth.permission", "pk": 8, "fields": {"name": "Can view permission", "content_type": 2, "codename": "view_permission"}}, {"model": "auth.permission", "pk": 9, "fields": {"name": "Can add group", "content_type": 3, "codename": "add_group"}}, {"model": "auth.permission", "pk": 10, "fields": {"name": "Can change group", "content_type": 3, "codename": "change_group"}}, {"model": "auth.permission", "pk": 11, "fields": {"name": "Can delete group", "content_type": 3, "codename": "delete_group"}}, {"model": "auth.permission", "pk": 12, "fields": {"name": "Can view group", "content_type": 3, "codename": "view_group"}}, {"model": "auth.permission", "pk": 13, "fields": {"name": "Can add content type", "content_type": 4, "codename": "add_contenttype"}}, {"model": "auth.permission", "pk": 14, "fields": {"name": "Can change content type", "content_type": 4, "codename": "change_contenttype"}}, {"model": "auth.permission", "pk": 15, "fields": {"name": "Can delete content type", "content_type": 4, "codename": "delete_contenttype"}}, {"model": "auth.permission", "pk": 16, "fields": {"name": "Can view content type", "content_type": 4, "codename": "view_contenttype"}}, {"model": "auth.permission", "pk": 17, "fields": {"name": "Can add session", "content_type": 5, "codename": "add_session"}}, {"model": "auth.permission", "pk": 18, "fields": {"name": "Can change session", "content_type": 5, "codename": "change_session"}}, {"model": "auth.permission", "pk": 19, "fields": {"name": "Can delete session", "content_type": 5, "codename": "delete_session"}}, {"model": "auth.permission", "pk": 20, "fields": {"name": "Can view session", "content_type": 5, "codename": "view_session"}}, {"model": "auth.permission", "pk": 21, "fields": {"name": "Can add user", "content_type": 6, "codename": "add_user"}}, {"model": "auth.permission", "pk": 22, "fields": {"name": "Can change user", "content_type": 6, "codename": "change_user"}}, {"model": "auth.permission", "pk": 23, "fields": {"name": "Can delete user", "content_type": 6, "codename": "delete_user"}}, {"model": "auth.permission", "pk": 24, "fields": {"name": "Can view user", "content_type": 6, "codename": "view_user"}}, {"model": "auth.permission", "pk": 25, "fields": {"name": "Can add game", "content_type": 7, "codename": "add_game"}}, {"model": "auth.permission", "pk": 26, "fields": {"name": "Can change game", "content_type": 7, "codename": "change_game"}}, {"model": "auth.permission", "pk": 27, "fields": {"name": "Can delete game", "content_type": 7, "codename": "delete_game"}}, {"model": "auth.permission", "pk": 28, "fields": {"name": "Can view game", "content_type": 7, "codename": "view_game"}}, {"model": "auth.permission", "pk": 29, "fields": {"name": "Can add comment", "content_type": 8, "codename": "add_comment"}}, {"model": "auth.permission", "pk": 30, "fields": {"name": "Can change comment", "content_type": 8, "codename": "change_comment"}}, {"model": "auth.permission", "pk": 31, "fields": {"name": "Can delete comment", "content_type": 8, "codename": "delete_comment"}}, {"model": "auth.permission", "pk": 32, "fields": {"name": "Can view comment", "content_type": 8, "codename": "view_comment"}}, {"model": "auth.permission", "pk": 33, "fields": {"name": "Can add social media", "content_type": 9, "codename": "add_socialmedia"}}, {"model": "auth.permission", "pk": 34, "fields": {"name": "Can change social media", "content_type": 9, "codename": "change_socialmedia"}}, {"model": "auth.permission", "pk": 35, "fields": {"name": "Can delete social media", "content_type": 9, "codename": "delete_socialmedia"}}, {"model": "auth.permission", "pk": 36, "fields": {"name": "Can view social media", "content_type": 9, "codename": "view_socialmedia"}}, {"model": "auth.permission", "pk": 37, "fields": {"name": "Can add user social media", "content_type": 10, "codename": "add_usersocialmedia"}}, {"model": "auth.permission", "pk": 38, "fields": {"name": "Can change user social media", "content_type": 10, "codename": "change_usersocialmedia"}}, {"model": "auth.permission", "pk": 39, "fields": {"name": "Can delete user social media", "content_type": 10, "codename": "delete_usersocialmedia"}}, {"model": "auth.permission", "pk": 40, "fields": {"name": "Can view user social media", "content_type": 10, "codename": "view_usersocialmedia"}}, {"model": "auth.permission", "pk": 41, "fields": {"name": "Can add tag", "content_type": 11, "codename": "add_tag"}}, {"model": "auth.permission", "pk": 42, "fields": {"name": "Can change tag", "content_type": 11, "codename": "change_tag"}}, {"model": "auth.permission", "pk": 43, "fields": {"name": "Can delete tag", "content_type": 11, "codename": "delete_tag"}}, {"model": "auth.permission", "pk": 44, "fields": {"name": "Can view tag", "content_type": 11, "codename": "view_tag"}}, {"model": "auth.permission", "pk": 45, "fields": {"name": "Can add tagged item", "content_type": 12, "codename": "add_taggeditem"}}, {"model": "auth.permission", "pk": 46, "fields": {"name": "Can change tagged item", "content_type": 12, "codename": "change_taggeditem"}}, {"model": "auth.permission", "pk": 47, "fields": {"name": "Can delete tagged item", "content_type": 12, "codename": "delete_taggeditem"}}, {"model": "auth.permission", "pk": 48, "fields": {"name": "Can view tagged item", "content_type": 12, "codename": "view_taggeditem"}}, {"model": "contenttypes.contenttype", "pk": 1, "fields": {"app_label": "admin", "model": "logentry"}}, {"model": "contenttypes.contenttype", "pk": 2, "fields": {"app_label": "auth", "model": "permission"}}, {"model": "contenttypes.contenttype", "pk": 3, "fields": {"app_label": "auth", "model": "group"}}, {"model": "contenttypes.contenttype", "pk": 4, "fields": {"app_label": "contenttypes", "model": "contenttype"}}, {"model": "contenttypes.contenttype", "pk": 5, "fields": {"app_label": "sessions", "model": "session"}}, {"model": "contenttypes.contenttype", "pk": 6, "fields": {"app_label": "juwuegowosApp", "model": "user"}}, {"model": "contenttypes.contenttype", "pk": 7, "fields": {"app_label": "juwuegowosApp", "model": "game"}}, {"model": "contenttypes.contenttype", "pk": 8, "fields": {"app_label": "juwuegowosApp", "model": "comment"}}, {"model": "contenttypes.contenttype", "pk": 9, "fields": {"app_label": "juwuegowosApp", "model": "socialmedia"}}, {"model": "contenttypes.contenttype", "pk": 10, "fields": {"app_label": "juwuegowosApp", "model": "usersocialmedia"}}, {"model": "contenttypes.contenttype", "pk": 11, "fields": {"app_label": "taggit", "model": "tag"}}, {"model": "contenttypes.contenttype", "pk": 12, "fields": {"app_label": "taggit", "model": "taggeditem"}}, {"model": "sessions.session", "pk": "qoxqnif1hlgtn65cjxbgyakx7gkz1oh0", "fields": {"session_data": ".eJxVjMsOwiAQRf-FtSE8pgO4dO83EB6DVA0kpV0Z_12bdKHbe865L-bDtla_DVr8nNmZKXb63WJID2o7yPfQbp2n3tZljnxX-EEHv_ZMz8vh_h3UMOq3nkKUCrCQmwpRkckiZDJoNYI0VphCwgqKTiUFAAK1VShc1oQh6uLY-wPcsDdZ:1mrxwa:uvqv1woLtd_PzfQCMOZNW1vPGVZyFOsEwr-Y96ZJe04", "expire_date": "2021-12-14T07:52:52.248Z"}}, {"model": "juwuegowosApp.user", "pk": 1, "fields": {"password": "pbkdf2_sha256$260000$eoJtbGmifBrQQ682sgPgA9$d2SwH66F3GEKZCtKLSKuEsF1sY0l+vL5HRqtGxtt11k=", "last_login": "2021-11-30T06:47:03.216Z", "is_superuser": false, "username": "Nyveon", "first_name": "", "last_name": "", "email": "test@test.com", "is_staff": false, "is_active": true, "date_joined": "2021-11-30T06:46:56.625Z", "groups": [], "user_permissions": []}}, {"model": "juwuegowosApp.user", "pk": 2, "fields": {"password": "pbkdf2_sha256$260000$AtwebkLvLdz4QVGppIw5XZ$26bqeQkM3koEUmpQG+6Ck6TrhjZPbVOHB0DNBfyqemk=", "last_login": "2021-11-30T07:52:52.241Z", "is_superuser": false, "username": "Eric", "first_name": "", "last_name": "", "email": "eric@a.a", "is_staff": false, "is_active": true, "date_joined": "2021-11-30T07:06:55.022Z", "groups": [], "user_permissions": []}}, {"model": "juwuegowosApp.user", "pk": 3, "fields": {"password": "pbkdf2_sha256$260000$cWz1yONvYMFqVLKW6OW967$9/BkCOLOCuilYOzrw1j8Bdh1vlX1r4b5O2xwMqh0kmU=", "last_login": "2021-11-30T07:50:48.366Z", "is_superuser": false, "username": "Lu", "first_name": "", "last_name": "", "email": "lu@a.a", "is_staff": false, "is_active": true, "date_joined": "2021-11-30T07:08:19.181Z", "groups": [], "user_permissions": []}}, {"model": "juwuegowosApp.user", "pk": 4, "fields": {"password": "pbkdf2_sha256$260000$piA7Lml7lxFpWl5xPaxBB6$nwATgGmzhPbD2jerZJ2Jd/EzF6kePxwcymxsucBX6Ow=", "last_login": "2021-11-30T07:24:24.733Z", "is_superuser": true, "username": "admin", "first_name": "", "last_name": "", "email": "admin@a.com", "is_staff": true, "is_active": true, "date_joined": "2021-11-30T07:15:30.646Z", "groups": [], "user_permissions": []}}, {"model": "juwuegowosApp.user", "pk": 5, "fields": {"password": "pbkdf2_sha256$260000$SvZ97NO30GXNTrA8IbAmCM$Rap3WcUiaAJxKeuGpJqg9F8wLnGtF6jWIbMfyXQX2V8=", "last_login": "2021-11-30T07:51:22.281Z", "is_superuser": false, "username": "fabs", "first_name": "", "last_name": "", "email": "fabs@a.a", "is_staff": false, "is_active": true, "date_joined": "2021-11-30T07:19:35.263Z", "groups": [], "user_permissions": []}}, {"model": "juwuegowosApp.user", "pk": 6, "fields": {"password": "pbkdf2_sha256$260000$q7qn7z6JEDuygUX2637qjL$MPjtrA10f8ovWtjIMjXswZgiP4dESy1IeaPo8rcc8wg=", "last_login": "2021-11-30T07:51:05.690Z", "is_superuser": false, "username": "Brongus", "first_name": "", "last_name": "", "email": "b@a.a", "is_staff": false, "is_active": true, "date_joined": "2021-11-30T07:20:43.952Z", "groups": [], "user_permissions": []}}, {"model": "juwuegowosApp.user", "pk": 7, "fields": {"password": "pbkdf2_sha256$260000$s5UmzPO1fnvPMeH03DVDHT$g8lWVyTvtrJpm1W0Dmvw87eYU4cGUCCMu2z4bSaUT+U=", "last_login": "2021-11-30T07:52:27.228Z", "is_superuser": false, "username": "Sugnorb", "first_name": "", "last_name": "", "email": "a@a.a", "is_staff": false, "is_active": true, "date_joined": "2021-11-30T07:52:21.491Z", "groups": [], "user_permissions": []}}, {"model": "juwuegowosApp.game", "pk": 1, "fields": {"name": "Wi-Fi for Wanderers", "developer": 2, "description": "Un juego relajado de viajar y descubrir. (¡Y pelear con fantasmas también!)", "date": "2021-11-30", "nsfw": false}}, {"model": "juwuegowosApp.game", "pk": 2, "fields": {"name": "Una Marraqueta", "developer": 3, "description": "Un juego narrativo donde exploras el sentido de la vida desde el punto de vida de una marraqueta.", "date": "2021-11-30", "nsfw": true}}, {"model": "juwuegowosApp.game", "pk": 3, "fields": {"name": "Troubleshooters", "developer": 2, "description": "El Wi-Fi ha sido robado, pero, ¡el perro TI está en el caso!", "date": "2021-11-30", "nsfw": false}}, {"model": "juwuegowosApp.game", "pk": 4, "fields": {"name": "Lam's Untitled Neon", "developer": 2, "description": "Simulador de fabricación de carteles de Neon en Hong-Kong, con aspectos de Historia.", "date": "2021-11-30", "nsfw": false}}, {"model": "juwuegowosApp.game", "pk": 7, "fields": {"name": "Monster Kitchen Island", "developer": 2, "description": "En una pequeña isla sin nombre, mi bisabuelo fue visitado por un monstruo del mar...", "date": "2021-11-30", "nsfw": false}}, {"model": "juwuegowosApp.game", "pk": 8, "fields": {"name": "Planet Weaver", "developer": 2, "description": "Finalmente decidiste salir de tu pequeño mundo. Pelea, explora, y conversa.", "date": "2021-11-30", "nsfw": false}}, {"model": "juwuegowosApp.game", "pk": 9, "fields": {"name": "Clases online be like", "developer": 5, "description": "bottom text", "date": "2021-11-30", "nsfw": false}}, {"model": "juwuegowosApp.game", "pk": 10, "fields": {"name": "Lianthus", "developer": 6, "description": "Una pequeña aventura con esqueletos, girasoles y mágia.", "date": "2021-11-30", "nsfw": false}}, {"model": "juwuegowosApp.game", "pk": 11, "fields": {"name": "-SPROUT-", "developer": 6, "description": "Corre, salta y brinca por 100 niveles a travéz de 5 áreas únicas.", "date": "2021-11-30", "nsfw": false}}, {"model": "juwuegowosApp.comment", "pk": 1, "fields": {"user_id": 2, "game_id": 3, "comment": "Fue un agrado trabajar en este juego, ojalá les guste :)", "date": "2021-11-30T07:33:21.258Z"}}, {"model": "juwuegowosApp.comment", "pk": 2, "fields": {"user_id": 2, "game_id": 3, "comment": "Fue un agrado trabajar en este juego, ojalá les guste :)", "date": "2021-11-30T07:33:37.868Z"}}, {"model": "juwuegowosApp.comment", "pk": 3, "fields": {"user_id": 2, "game_id": 3, "comment": "test\r\n", "date": "2021-11-30T07:33:44.240Z"}}, {"model": "juwuegowosApp.comment", "pk": 4, "fields": {"user_id": 2, "game_id": 3, "comment": "test", "date": "2021-11-30T07:34:30.626Z"}}, {"model": "juwuegowosApp.comment", "pk": 5, "fields": {"user_id": 2, "game_id": 3, "comment": "test", "date": "2021-11-30T07:35:33.944Z"}}, {"model": "juwuegowosApp.comment", "pk": 6, "fields": {"user_id": 2, "game_id": 3, "comment": "test", "date": "2021-11-30T07:35:36.542Z"}}, {"model": "juwuegowosApp.comment", "pk": 7, "fields": {"user_id": 2, "game_id": 3, "comment": "test", "date": "2021-11-30T07:35:39.967Z"}}, {"model": "juwuegowosApp.comment", "pk": 8, "fields": {"user_id": 2, "game_id": 3, "comment": "test", "date": "2021-11-30T07:36:37.824Z"}}, {"model": "juwuegowosApp.comment", "pk": 9, "fields": {"user_id": 2, "game_id": 1, "comment": "test", "date": "2021-11-30T07:41:10.019Z"}}, {"model": "juwuegowosApp.comment", "pk": 10, "fields": {"user_id": 2, "game_id": 3, "comment": "test", "date": "2021-11-30T07:43:43.234Z"}}, {"model": "juwuegowosApp.comment", "pk": 11, "fields": {"user_id": 2, "game_id": 3, "comment": "test", "date": "2021-11-30T07:43:44.448Z"}}, {"model": "juwuegowosApp.comment", "pk": 12, "fields": {"user_id": 2, "game_id": 3, "comment": "Fue un agrado trabajar en este juego, ojalá les guste :)", "date": "2021-11-30T07:50:38.513Z"}}, {"model": "juwuegowosApp.comment", "pk": 13, "fields": {"user_id": 3, "game_id": 3, "comment": "10/10, me mataron los paraguas", "date": "2021-11-30T07:50:56.487Z"}}, {"model": "juwuegowosApp.comment", "pk": 14, "fields": {"user_id": 6, "game_id": 3, "comment": "Wow!", "date": "2021-11-30T07:51:11.340Z"}}, {"model": "juwuegowosApp.comment", "pk": 15, "fields": {"user_id": 5, "game_id": 3, "comment": "Mi mamá me dio la vida, pero este juego me dio las ganas de vivirla", "date": "2021-11-30T07:51:57.672Z"}}, {"model": "juwuegowosApp.comment", "pk": 16, "fields": {"user_id": 7, "game_id": 3, "comment": "100% de acuerdo con los otros comentarios", "date": "2021-11-30T07:52:39.373Z"}}, {"model": "juwuegowosApp.comment", "pk": 17, "fields": {"user_id": 2, "game_id": 3, "comment": "¡¡¡¡Muchas gracias por todos los comentarios!!!!", "date": "2021-11-30T07:53:03.792Z"}}, {"model": "taggit.tag", "pk": 1, "fields": {"name": "acción, exploración", "slug": "accion-exploracion"}}, {"model": "taggit.tag", "pk": 2, "fields": {"name": "narrativa, épico", "slug": "narrativa-epico"}}, {"model": "taggit.tag", "pk": 3, "fields": {"name": "acción, disparos", "slug": "accion-disparos"}}, {"model": "taggit.tag", "pk": 4, "fields": {"name": "simulador, narrativa", "slug": "simulador-narrativa"}}, {"model": "taggit.tag", "pk": 5, "fields": {"name": "tipeo, cocina", "slug": "tipeo-cocina"}}, {"model": "taggit.tag", "pk": 6, "fields": {"name": "exploración, acción", "slug": "exploracion-accion"}}, {"model": "taggit.tag", "pk": 7, "fields": {"name": "clases, online, dcp, cafe, delfines", "slug": "clases-online-dcp-cafe-delfines"}}, {"model": "taggit.tag", "pk": 8, "fields": {"name": "narrativa, rpg", "slug": "narrativa-rpg"}}, {"model": "taggit.tag", "pk": 9, "fields": {"name": "platformer, acción", "slug": "platformer-accion"}}, {"model": "taggit.tag", "pk": 10, "fields": {"name": "exploración", "slug": "exploracion"}}, {"model": "taggit.tag", "pk": 11, "fields": {"name": "acción", "slug": "accion"}}, {"model": "taggit.tag", "pk": 12, "fields": {"name": "narrativa", "slug": "narrativa"}}, {"model": "taggit.tag", "pk": 13, "fields": {"name": "épico", "slug": "epico"}}, {"model": "taggit.tag", "pk": 14, "fields": {"name": "disparos", "slug": "disparos"}}, {"model": "taggit.tag", "pk": 15, "fields": {"name": "simulador", "slug": "simulador"}}, {"model": "taggit.tag", "pk": 16, "fields": {"name": "cocina", "slug": "cocina"}}, {"model": "taggit.tag", "pk": 17, "fields": {"name": "tipeo", "slug": "tipeo"}}, {"model": "taggit.tag", "pk": 18, "fields": {"name": "cafe", "slug": "cafe"}}, {"model": "taggit.tag", "pk": 19, "fields": {"name": "dcp", "slug": "dcp"}}, {"model": "taggit.tag", "pk": 20, "fields": {"name": "clases", "slug": "clases"}}, {"model": "taggit.tag", "pk": 21, "fields": {"name": "delfines", "slug": "delfines"}}, {"model": "taggit.tag", "pk": 22, "fields": {"name": "online", "slug": "online"}}, {"model": "taggit.tag", "pk": 23, "fields": {"name": "rpg", "slug": "rpg"}}, {"model": "taggit.tag", "pk": 24, "fields": {"name": "platformer", "slug": "platformer"}}, {"model": "taggit.taggeditem", "pk": 12, "fields": {"tag": 10, "content_type": 7, "object_id": 1}}, {"model": "taggit.taggeditem", "pk": 13, "fields": {"tag": 11, "content_type": 7, "object_id": 1}}, {"model": "taggit.taggeditem", "pk": 14, "fields": {"tag": 12, "content_type": 7, "object_id": 2}}, {"model": "taggit.taggeditem", "pk": 15, "fields": {"tag": 13, "content_type": 7, "object_id": 2}}, {"model": "taggit.taggeditem", "pk": 16, "fields": {"tag": 11, "content_type": 7, "object_id": 3}}, {"model": "taggit.taggeditem", "pk": 17, "fields": {"tag": 14, "content_type": 7, "object_id": 3}}, {"model": "taggit.taggeditem", "pk": 18, "fields": {"tag": 12, "content_type": 7, "object_id": 4}}, {"model": "taggit.taggeditem", "pk": 19, "fields": {"tag": 15, "content_type": 7, "object_id": 4}}, {"model": "taggit.taggeditem", "pk": 20, "fields": {"tag": 16, "content_type": 7, "object_id": 7}}, {"model": "taggit.taggeditem", "pk": 21, "fields": {"tag": 17, "content_type": 7, "object_id": 7}}, {"model": "taggit.taggeditem", "pk": 22, "fields": {"tag": 10, "content_type": 7, "object_id": 8}}, {"model": "taggit.taggeditem", "pk": 23, "fields": {"tag": 11, "content_type": 7, "object_id": 8}}, {"model": "taggit.taggeditem", "pk": 24, "fields": {"tag": 18, "content_type": 7, "object_id": 9}}, {"model": "taggit.taggeditem", "pk": 25, "fields": {"tag": 19, "content_type": 7, "object_id": 9}}, {"model": "taggit.taggeditem", "pk": 26, "fields": {"tag": 20, "content_type": 7, "object_id": 9}}, {"model": "taggit.taggeditem", "pk": 27, "fields": {"tag": 21, "content_type": 7, "object_id": 9}}, {"model": "taggit.taggeditem", "pk": 28, "fields": {"tag": 22, "content_type": 7, "object_id": 9}}, {"model": "taggit.taggeditem", "pk": 29, "fields": {"tag": 12, "content_type": 7, "object_id": 10}}, {"model": "taggit.taggeditem", "pk": 30, "fields": {"tag": 23, "content_type": 7, "object_id": 10}}, {"model": "taggit.taggeditem", "pk": 31, "fields": {"tag": 24, "content_type": 7, "object_id": 11}}, {"model": "taggit.taggeditem", "pk": 32, "fields": {"tag": 11, "content_type": 7, "object_id": 11}}]